{
  "timestamp": "20260406_010652",
  "config_path": null,
  "num_documents": 20,
  "num_chunks": 41,
  "num_queries_evaluated": 10,
  "top_k": 5,
  "embedding_seconds": 6.025722542006406,
  "chroma_add_seconds": 0.43763270899944473,
  "qdrant_add_seconds": 0.755647832993418,
  "chroma_indexing_total_seconds": 6.463355251005851,
  "qdrant_indexing_total_seconds": 6.781370374999824,
  "retrieval_avg_ms_chroma": 9.258208198298234,
  "retrieval_avg_ms_qdrant": 17.195633401570376,
  "recall_at_k_metric": "recall@5",
  "mean_recall_chroma": 1.0,
  "mean_recall_qdrant": 1.0,
  "mean_metrics_chroma": {
    "mrr": 0.55,
    "precision@1": 0.3,
    "recall@1": 0.3,
    "ndcg@1": 0.3,
    "precision@3": 0.26666666666666666,
    "recall@3": 0.8,
    "ndcg@3": 0.5761859507142916,
    "precision@5": 0.23833333333333334,
    "recall@5": 1.0,
    "ndcg@5": 0.6623212623289702,
    "precision@10": 0.23833333333333334,
    "recall@10": 1.0,
    "ndcg@10": 0.6623212623289702
  },
  "mean_metrics_qdrant": {
    "mrr": 0.55,
    "precision@1": 0.3,
    "recall@1": 0.3,
    "ndcg@1": 0.3,
    "precision@3": 0.26666666666666666,
    "recall@3": 0.8,
    "ndcg@3": 0.5761859507142916,
    "precision@5": 0.23833333333333334,
    "recall@5": 1.0,
    "ndcg@5": 0.6623212623289702,
    "precision@10": 0.23833333333333334,
    "recall@10": 1.0,
    "ndcg@10": 0.6623212623289702
  },
  "winner_faster_retrieval": "ChromaDB",
  "winner_higher_recall": "tie"
}