{
  "timestamp": "20260406_010726",
  "config_path": null,
  "num_documents": 50,
  "num_chunks": 89,
  "num_queries_evaluated": 20,
  "top_k": 10,
  "embedding_seconds": 5.336512750000111,
  "chroma_add_seconds": 0.30803912501141895,
  "qdrant_add_seconds": 0.7265013339929283,
  "chroma_indexing_total_seconds": 5.64455187501153,
  "qdrant_indexing_total_seconds": 6.063014083993039,
  "retrieval_avg_ms_chroma": 9.56045425045886,
  "retrieval_avg_ms_qdrant": 20.622966699738754,
  "recall_at_k_metric": "recall@10",
  "mean_recall_chroma": 1.0,
  "mean_recall_qdrant": 1.0,
  "mean_metrics_chroma": {
    "mrr": 0.6051190476190477,
    "precision@1": 0.45,
    "recall@1": 0.45,
    "ndcg@1": 0.45,
    "precision@3": 0.2333333333333333,
    "recall@3": 0.7,
    "ndcg@3": 0.5880929753571458,
    "precision@5": 0.17,
    "recall@5": 0.85,
    "ndcg@5": 0.6483120839842695,
    "precision@10": 0.1238888888888889,
    "recall@10": 1.0,
    "ndcg@10": 0.699455776673004
  },
  "mean_metrics_qdrant": {
    "mrr": 0.6051190476190477,
    "precision@1": 0.45,
    "recall@1": 0.45,
    "ndcg@1": 0.45,
    "precision@3": 0.2333333333333333,
    "recall@3": 0.7,
    "ndcg@3": 0.5880929753571458,
    "precision@5": 0.17,
    "recall@5": 0.85,
    "ndcg@5": 0.6483120839842695,
    "precision@10": 0.1238888888888889,
    "recall@10": 1.0,
    "ndcg@10": 0.699455776673004
  },
  "winner_faster_retrieval": "ChromaDB",
  "winner_higher_recall": "tie"
}