{
  "timestamp": "20260406_010900",
  "config_path": null,
  "num_documents": 500,
  "num_chunks": 1094,
  "num_queries_evaluated": 50,
  "top_k": 10,
  "embedding_seconds": 11.04281825000362,
  "chroma_add_seconds": 0.6870312499959255,
  "qdrant_add_seconds": 0.9156190829962725,
  "chroma_indexing_total_seconds": 11.729849499999546,
  "qdrant_indexing_total_seconds": 11.958437332999893,
  "retrieval_avg_ms_chroma": 10.276934098219499,
  "retrieval_avg_ms_qdrant": 22.526797559985425,
  "recall_at_k_metric": "recall@10",
  "mean_recall_chroma": 0.86,
  "mean_recall_qdrant": 0.86,
  "mean_metrics_chroma": {
    "mrr": 0.6828571428571429,
    "precision@1": 0.58,
    "recall@1": 0.58,
    "ndcg@1": 0.58,
    "precision@3": 0.26,
    "recall@3": 0.78,
    "ndcg@3": 0.6957115704285749,
    "precision@5": 0.16400000000000003,
    "recall@5": 0.82,
    "ndcg@5": 0.7129386327515107,
    "precision@10": 0.10422222222222223,
    "recall@10": 0.86,
    "ndcg@10": 0.7267294431603378
  },
  "mean_metrics_qdrant": {
    "mrr": 0.6828571428571429,
    "precision@1": 0.58,
    "recall@1": 0.58,
    "ndcg@1": 0.58,
    "precision@3": 0.26,
    "recall@3": 0.78,
    "ndcg@3": 0.6957115704285749,
    "precision@5": 0.16400000000000003,
    "recall@5": 0.82,
    "ndcg@5": 0.7129386327515107,
    "precision@10": 0.10422222222222223,
    "recall@10": 0.86,
    "ndcg@10": 0.7267294431603378
  },
  "winner_faster_retrieval": "ChromaDB",
  "winner_higher_recall": "tie"
}